{"batch_loss": 369.5295715332031, "_timestamp": 1717163388.2942193, "_runtime": 161.67656826972961, "_step": 30, "loss": 369.5295715332031, "_wandb": {"runtime": 156}}