{"loss": 420.9434509277344, "_timestamp": 1717162986.1591349, "_runtime": 91.84047198295593, "_step": 0, "_wandb": {"runtime": 89}}