{"batch_loss": 333.5909423828125, "_timestamp": 1717406161.8572838, "_runtime": 104910.60812687874, "_step": 15999, "loss": 333.5909423828125, "_wandb": {"runtime": 105525}}