{"batch_loss": 418.8665771484375, "_timestamp": 1717272406.7682998, "_runtime": 21965.45664691925, "_step": 3199, "loss": 418.8665771484375, "_wandb": {"runtime": 22600}}