{"batch_loss": 449.0789794921875, "_timestamp": 1717230465.434931, "_runtime": 4205.776903152466, "_step": 639, "loss": 449.0789794921875, "_wandb": {"runtime": 4838}}