{"loss": 459.7479248046875, "_timestamp": 1717163187.8018851, "_runtime": 97.33999109268188, "_step": 0, "_wandb": {"runtime": 91}}